<?xml version="1.0" encoding="UTF-8" standalone="yes"?>
<addon id="incursion.repository" name="Incurison Repository" version="0.0.1" provider-name="NixGates">
	<extension point="xbmc.addon.repository" name="Incursion Repository">
		<info compressed="false">https://raw.githubusercontent.com/nixgates/Incursion/master/addons.xml</info>
		<checksum>https://raw.githubusercontent.com/nixgates/Incursion/master/addons.xml.md5</checksum>
		<datadir zip="true">https://raw.github.com/nixgates/Incursion/master/repo/</datadir>
	</extension>
	<extension point="xbmc.addon.metadata">
		<summary>Incursion Video Repo</summary>
		<description>A Covenant Fork</description>
		<disclaimer></disclaimer>
		<platform>all</platform>
	</extension>
</addon>